/*
	Cultural
	Authors: SeelingCat
*/

-----------------------------------------------
-- TraitModifiers
-----------------------------------------------

INSERT INTO TraitModifiers 
		(TraitType, 					ModifierId												)
VALUES	('MINOR_CIV_CULTURAL_TRAIT',	'MODIFIER_CSE_CULTURAL_AMPHITHEATER_CULTURE_ETHIOPIA'			),
		('MINOR_CIV_CULTURAL_TRAIT',	'MODIFIER_CSE_CULTURAL_MUSEUM_ART_CULTURE_ETHIOPIA'				),
		('MINOR_CIV_CULTURAL_TRAIT',	'MODIFIER_CSE_CULTURAL_MUSEUM_ARTIFACT_CULTURE_ETHIOPIA'		),
		('MINOR_CIV_CULTURAL_TRAIT',	'MODIFIER_CSE_CULTURAL_BROADCAST_CENTER_CULTURE_ETHIOPIA'		),

		('MINOR_CIV_CULTURAL_TRAIT',	'MODIFIER_CSE_CULTURAL_CHANCERY_CULTURE_ETHIOPIA'				),
		('MINOR_CIV_CULTURAL_TRAIT',	'MODIFIER_CSE_CULTURAL_CONSULATE_CULTURE_ETHIOPIA'				),
		
		('MINOR_CIV_CULTURAL_TRAIT',	'MODIFIER_CSE_CULTURAL_CHANCERY_CULTURE_ETHIOPIA_LARGEST'		),
		('MINOR_CIV_CULTURAL_TRAIT',	'MODIFIER_CSE_CULTURAL_CONSULATE_CULTURE_ETHIOPIA_LARGEST'		);

-----------------------------------------------
-- Modifiers
-----------------------------------------------

INSERT INTO Modifiers 
		(ModifierId,														ModifierType,													SubjectRequirementSetId					)
VALUES	('MODIFIER_CSE_CULTURAL_AMPHITHEATER_CULTURE_ETHIOPIA',				'MODIFIER_ALL_PLAYERS_ATTACH_MODIFIER',							'PLAYER_HAS_LARGEST_INFLUENCE'			),
		('MODIFIER_CSE_CULTURAL_AMPHITHEATER_CULTURE_MOD_ETHIOPIA',			'MODIFIER_PLAYER_CITIES_ADJUST_BUILDING_YIELD_CHANGE',			NULL									),
		('MODIFIER_CSE_CULTURAL_MUSEUM_ART_CULTURE_ETHIOPIA',				'MODIFIER_ALL_PLAYERS_ATTACH_MODIFIER',							'PLAYER_HAS_LARGEST_INFLUENCE'			),
		('MODIFIER_CSE_CULTURAL_MUSEUM_ART_CULTURE_MOD_ETHIOPIA',			'MODIFIER_PLAYER_CITIES_ADJUST_BUILDING_YIELD_CHANGE',			NULL									),
		('MODIFIER_CSE_CULTURAL_MUSEUM_ARTIFACT_CULTURE_ETHIOPIA',			'MODIFIER_ALL_PLAYERS_ATTACH_MODIFIER',							'PLAYER_HAS_LARGEST_INFLUENCE'			),
		('MODIFIER_CSE_CULTURAL_MUSEUM_ARTIFACT_CULTURE_MOD_ETHIOPIA',		'MODIFIER_PLAYER_CITIES_ADJUST_BUILDING_YIELD_CHANGE',			NULL									),
		('MODIFIER_CSE_CULTURAL_BROADCAST_CENTER_CULTURE_ETHIOPIA',			'MODIFIER_ALL_PLAYERS_ATTACH_MODIFIER',							'PLAYER_HAS_LARGEST_INFLUENCE'			),
		('MODIFIER_CSE_CULTURAL_BROADCAST_CENTER_CULTURE_MOD_ETHIOPIA',		'MODIFIER_PLAYER_CITIES_ADJUST_BUILDING_YIELD_CHANGE',			NULL									),

		('MODIFIER_CSE_CULTURAL_CHANCERY_CULTURE_ETHIOPIA_LARGEST',			'MODIFIER_ALL_PLAYERS_ATTACH_MODIFIER',							'PLAYER_HAS_LARGEST_INFLUENCE'			),
		('MODIFIER_CSE_CULTURAL_CHANCERY_CULTURE_MOD_ETHIOPIA_LARGEST',		'MODIFIER_PLAYER_CITIES_ADJUST_BUILDING_YIELD_CHANGE',			NULL									),
		('MODIFIER_CSE_CULTURAL_CONSULATE_CULTURE_ETHIOPIA_LARGEST',		'MODIFIER_ALL_PLAYERS_ATTACH_MODIFIER',							'PLAYER_HAS_LARGEST_INFLUENCE'			),
		('MODIFIER_CSE_CULTURAL_CONSULATE_CULTURE_MOD_ETHIOPIA_LARGEST',	'MODIFIER_PLAYER_CITIES_ADJUST_BUILDING_YIELD_CHANGE',			NULL									),

		('MODIFIER_CSE_CULTURAL_CHANCERY_CULTURE_ETHIOPIA',					'MODIFIER_ALL_PLAYERS_ATTACH_MODIFIER',							'PLAYER_HAS_LARGE_INFLUENCE'			),
		('MODIFIER_CSE_CULTURAL_CHANCERY_CULTURE_MOD_ETHIOPIA',				'MODIFIER_PLAYER_CITIES_ADJUST_BUILDING_YIELD_CHANGE',			NULL									),
		('MODIFIER_CSE_CULTURAL_CONSULATE_CULTURE_ETHIOPIA',				'MODIFIER_ALL_PLAYERS_ATTACH_MODIFIER',							'PLAYER_HAS_MEDIUM_INFLUENCE'			),
		('MODIFIER_CSE_CULTURAL_CONSULATE_CULTURE_MOD_ETHIOPIA',			'MODIFIER_PLAYER_CITIES_ADJUST_BUILDING_YIELD_CHANGE',			NULL									);

-----------------------------------------------
-- ModifierArguments
-----------------------------------------------

INSERT INTO ModifierArguments
		(ModifierId,														Name,				Value											)
VALUES	('MODIFIER_CSE_CULTURAL_AMPHITHEATER_CULTURE_ETHIOPIA',				'ModifierId',		'MODIFIER_CSE_CULTURAL_AMPHITHEATER_CULTURE_MOD_ETHIOPIA'	),
		('MODIFIER_CSE_CULTURAL_AMPHITHEATER_CULTURE_MOD_ETHIOPIA',			'BuildingType',		'BUILDING_AMPHITHEATER'								),
		('MODIFIER_CSE_CULTURAL_AMPHITHEATER_CULTURE_MOD_ETHIOPIA',			'YieldType',		'YIELD_CULTURE'									),
		('MODIFIER_CSE_CULTURAL_AMPHITHEATER_CULTURE_MOD_ETHIOPIA',			'Amount',			1												),
		('MODIFIER_CSE_CULTURAL_AMPHITHEATER_CULTURE_MOD_ETHIOPIA',			'CityStatesOnly',	1												),
		('MODIFIER_CSE_CULTURAL_MUSEUM_ART_CULTURE_ETHIOPIA',				'ModifierId',		'MODIFIER_CSE_CULTURAL_MUSEUM_ART_CULTURE_MOD_ETHIOPIA'		),
		('MODIFIER_CSE_CULTURAL_MUSEUM_ART_CULTURE_MOD_ETHIOPIA',			'BuildingType',		'BUILDING_MUSEUM_ART'								),
		('MODIFIER_CSE_CULTURAL_MUSEUM_ART_CULTURE_MOD_ETHIOPIA',			'YieldType',		'YIELD_CULTURE'									),
		('MODIFIER_CSE_CULTURAL_MUSEUM_ART_CULTURE_MOD_ETHIOPIA',			'Amount',			1												),
		('MODIFIER_CSE_CULTURAL_MUSEUM_ART_CULTURE_MOD_ETHIOPIA',			'CityStatesOnly',	1												),
		('MODIFIER_CSE_CULTURAL_MUSEUM_ARTIFACT_CULTURE_ETHIOPIA',			'ModifierId',		'MODIFIER_CSE_CULTURAL_MUSEUM_ART_CULTURE_MOD_ETHIOPIA'		),
		('MODIFIER_CSE_CULTURAL_MUSEUM_ARTIFACT_CULTURE_MOD_ETHIOPIA',		'BuildingType',		'BUILDING_MUSEUM_ARTIFACT'								),
		('MODIFIER_CSE_CULTURAL_MUSEUM_ARTIFACT_CULTURE_MOD_ETHIOPIA',		'YieldType',		'YIELD_CULTURE'									),
		('MODIFIER_CSE_CULTURAL_MUSEUM_ARTIFACT_CULTURE_MOD_ETHIOPIA',		'Amount',			1												),
		('MODIFIER_CSE_CULTURAL_MUSEUM_ARTIFACT_CULTURE_MOD_ETHIOPIA',		'CityStatesOnly',	1												),
		('MODIFIER_CSE_CULTURAL_BROADCAST_CENTER_CULTURE_ETHIOPIA',			'ModifierId',		'MODIFIER_CSE_CULTURAL_BROADCAST_CENTER_CULTURE_MOD_ETHIOPIA'	),
		('MODIFIER_CSE_CULTURAL_BROADCAST_CENTER_CULTURE_MOD_ETHIOPIA',		'YieldType',		'YIELD_CULTURE'									),
		('MODIFIER_CSE_CULTURAL_BROADCAST_CENTER_CULTURE_MOD_ETHIOPIA',		'Amount',			1												),
		('MODIFIER_CSE_CULTURAL_BROADCAST_CENTER_CULTURE_MOD_ETHIOPIA',		'BuildingType',		'BUILDING_BROADCAST_CENTER'							),
		('MODIFIER_CSE_CULTURAL_BROADCAST_CENTER_CULTURE_MOD_ETHIOPIA',		'CityStatesOnly',	1												),

		('MODIFIER_CSE_CULTURAL_CHANCERY_CULTURE_ETHIOPIA',					'ModifierId',		'MODIFIER_CSE_CULTURAL_CHANCERY_CULTURE_MOD_ETHIOPIA'	),
		('MODIFIER_CSE_CULTURAL_CHANCERY_CULTURE_MOD_ETHIOPIA',				'BuildingType',		'BUILDING_CHANCERY'								),
		('MODIFIER_CSE_CULTURAL_CHANCERY_CULTURE_MOD_ETHIOPIA',				'YieldType',		'YIELD_CULTURE'									),
		('MODIFIER_CSE_CULTURAL_CHANCERY_CULTURE_MOD_ETHIOPIA',				'Amount',			3												),
		('MODIFIER_CSE_CULTURAL_CHANCERY_CULTURE_MOD_ETHIOPIA',				'CityStatesOnly',	1												),
		('MODIFIER_CSE_CULTURAL_CONSULATE_CULTURE_ETHIOPIA',				'ModifierId',		'MODIFIER_CSE_CULTURAL_CONSULATE_CULTURE_MOD_ETHIOPIA'	),
		('MODIFIER_CSE_CULTURAL_CONSULATE_CULTURE_MOD_ETHIOPIA',			'BuildingType',		'BUILDING_CONSULATE'								),
		('MODIFIER_CSE_CULTURAL_CONSULATE_CULTURE_MOD_ETHIOPIA',			'YieldType',		'YIELD_CULTURE'									),
		('MODIFIER_CSE_CULTURAL_CONSULATE_CULTURE_MOD_ETHIOPIA',			'Amount',			2												),
		('MODIFIER_CSE_CULTURAL_CONSULATE_CULTURE_MOD_ETHIOPIA',			'CityStatesOnly',	1												),

		('MODIFIER_CSE_CULTURAL_CHANCERY_CULTURE_ETHIOPIA_LARGEST',			'ModifierId',		'MODIFIER_CSE_CULTURAL_CHANCERY_CULTURE_MOD_ETHIOPIA_LARGEST'	),
		('MODIFIER_CSE_CULTURAL_CHANCERY_CULTURE_MOD_ETHIOPIA_LARGEST',		'BuildingType',		'BUILDING_CHANCERY'								),
		('MODIFIER_CSE_CULTURAL_CHANCERY_CULTURE_MOD_ETHIOPIA_LARGEST',		'YieldType',		'YIELD_CULTURE'									),
		('MODIFIER_CSE_CULTURAL_CHANCERY_CULTURE_MOD_ETHIOPIA_LARGEST',		'Amount',			1												),
		('MODIFIER_CSE_CULTURAL_CHANCERY_CULTURE_MOD_ETHIOPIA_LARGEST',		'CityStatesOnly',	1												),
		('MODIFIER_CSE_CULTURAL_CONSULATE_CULTURE_ETHIOPIA_LARGEST',		'ModifierId',		'MODIFIER_CSE_CULTURAL_CONSULATE_CULTURE_MOD_ETHIOPIA_LARGEST'	),
		('MODIFIER_CSE_CULTURAL_CONSULATE_CULTURE_MOD_ETHIOPIA_LARGEST',	'BuildingType',		'BUILDING_CONSULATE'								),
		('MODIFIER_CSE_CULTURAL_CONSULATE_CULTURE_MOD_ETHIOPIA_LARGEST',	'YieldType',		'YIELD_CULTURE'									),
		('MODIFIER_CSE_CULTURAL_CONSULATE_CULTURE_MOD_ETHIOPIA_LARGEST',	'Amount',			1												),
		('MODIFIER_CSE_CULTURAL_CONSULATE_CULTURE_MOD_ETHIOPIA_LARGEST',	'CityStatesOnly',	1												);

UPDATE	ModifierArguments
SET		Value = 1
WHERE	Name = 'Amount' AND ModifierId = 'MODIFIER_CSE_CULTURAL_CAPITAL_CULTURE_MOD';

UPDATE	ModifierArguments
SET		Value = 1
WHERE	Name = 'Amount' AND ModifierId = 'MODIFIER_CSE_CULTURAL_AMPHITHEATER_CULTURE_MOD';

UPDATE	ModifierArguments
SET		Value = 3
WHERE	Name = 'Amount' AND ModifierId = 'MODIFIER_CSE_CULTURAL_BROADCAST_CENTER_CULTURE_MOD';