/*
	Trade
	Authors: SeelingCat
*/

-----------------------------------------------
-- TraitModifiers
-----------------------------------------------


INSERT INTO TraitModifiers 
		(TraitType, 				ModifierId													)
VALUES	('MINOR_CIV_TRADE_TRAIT',	'MODIFIER_CSE_TRADE_MARKET_GOLD_ETHIOPIA'					),
		('MINOR_CIV_TRADE_TRAIT',	'MODIFIER_CSE_TRADE_BANK_GOLD_ETHIOPIA'						),
		('MINOR_CIV_TRADE_TRAIT',	'MODIFIER_CSE_TRADE_STOCK_EXCHANGE_GOLD_ETHIOPIA'			),

		('MINOR_CIV_TRADE_TRAIT',	'MODIFIER_CSE_TRADE_CHANCERY_GOLD_ETHIOPIA'					),
		('MINOR_CIV_TRADE_TRAIT',	'MODIFIER_CSE_TRADE_CONSULATE_GOLD_ETHIOPIA'				),
		
		('MINOR_CIV_TRADE_TRAIT',	'MODIFIER_CSE_TRADE_CHANCERY_GOLD_ETHIOPIA_LARGEST'			),
		('MINOR_CIV_TRADE_TRAIT',	'MODIFIER_CSE_TRADE_CONSULATE_GOLD_ETHIOPIA_LARGEST'		);

INSERT INTO TraitModifiers (TraitType, ModifierId)
SELECT	'MINOR_CIV_TRADE_TRAIT',
		'MODIFIER_CSE_TRADE_LIGHTHOUSE_GOLD_ETHIOPIA'
WHERE NOT EXISTS (SELECT * FROM ModValidation WHERE Version = 'CSE_MARITIME');

INSERT INTO TraitModifiers (TraitType, ModifierId)
SELECT	'MINOR_CIV_TRADE_TRAIT',
		'MODIFIER_CSE_TRADE_SHIPYARD_GOLD_ETHIOPIA'
WHERE NOT EXISTS (SELECT * FROM ModValidation WHERE Version = 'CSE_MARITIME');

INSERT INTO TraitModifiers (TraitType, ModifierId)
SELECT	'MINOR_CIV_TRADE_TRAIT',
		'MODIFIER_CSE_TRADE_SEAPORT_GOLD_ETHIOPIA'
WHERE NOT EXISTS (SELECT * FROM ModValidation WHERE Version = 'CSE_MARITIME');

UPDATE	CSE_ClassTypes
SET		SmallBonus = 'LOC_CSE_TRADE_TRAIT_SMALL_INFLUENCE_BONUS_ALT'
WHERE	Type IN ('TRADE')
AND EXISTS (SELECT * FROM ModValidation WHERE Version IN ('CSE_MARITIME'));


-----------------------------------------------
-- Modifiers
-----------------------------------------------

INSERT INTO Modifiers 
		(ModifierId,												ModifierType,													SubjectRequirementSetId					)
VALUES	('MODIFIER_CSE_TRADE_MARKET_GOLD_ETHIOPIA',					'MODIFIER_ALL_PLAYERS_ATTACH_MODIFIER',							'PLAYER_HAS_LARGEST_INFLUENCE'			),
		('MODIFIER_CSE_TRADE_MARKET_GOLD_MOD_ETHIOPIA',				'MODIFIER_PLAYER_CITIES_ADJUST_BUILDING_YIELD_CHANGE',			NULL									),
		('MODIFIER_CSE_TRADE_BANK_GOLD_ETHIOPIA',					'MODIFIER_ALL_PLAYERS_ATTACH_MODIFIER',							'PLAYER_HAS_LARGEST_INFLUENCE'			),
		('MODIFIER_CSE_TRADE_BANK_GOLD_MOD_ETHIOPIA',				'MODIFIER_PLAYER_CITIES_ADJUST_BUILDING_YIELD_CHANGE',			NULL									),
		('MODIFIER_CSE_TRADE_STOCK_EXCHANGE_GOLD_ETHIOPIA',			'MODIFIER_ALL_PLAYERS_ATTACH_MODIFIER',							'PLAYER_HAS_LARGEST_INFLUENCE'			),
		('MODIFIER_CSE_TRADE_STOCK_EXCHANGE_GOLD_MOD_ETHIOPIA',		'MODIFIER_PLAYER_CITIES_ADJUST_BUILDING_YIELD_CHANGE',			NULL									),

		('MODIFIER_CSE_TRADE_LIGHTHOUSE_GOLD_ETHIOPIA',				'MODIFIER_ALL_PLAYERS_ATTACH_MODIFIER',							'PLAYER_HAS_LARGEST_INFLUENCE'			),
		('MODIFIER_CSE_TRADE_LIGHTHOUSE_GOLD_MOD_ETHIOPIA',			'MODIFIER_PLAYER_CITIES_ADJUST_BUILDING_YIELD_CHANGE',			NULL									),
		('MODIFIER_CSE_TRADE_SHIPYARD_GOLD_ETHIOPIA',				'MODIFIER_ALL_PLAYERS_ATTACH_MODIFIER',							'PLAYER_HAS_LARGEST_INFLUENCE'			),
		('MODIFIER_CSE_TRADE_SHIPYARD_GOLD_MOD_ETHIOPIA',			'MODIFIER_PLAYER_CITIES_ADJUST_BUILDING_YIELD_CHANGE',			NULL									),
		('MODIFIER_CSE_TRADE_SEAPORT_GOLD_ETHIOPIA',				'MODIFIER_ALL_PLAYERS_ATTACH_MODIFIER',							'PLAYER_HAS_LARGEST_INFLUENCE'			),
		('MODIFIER_CSE_TRADE_SEAPORT_GOLD_MOD_ETHIOPIA',			'MODIFIER_PLAYER_CITIES_ADJUST_BUILDING_YIELD_CHANGE',			NULL									),

		('MODIFIER_CSE_TRADE_CHANCERY_GOLD_ETHIOPIA_LARGEST',		'MODIFIER_ALL_PLAYERS_ATTACH_MODIFIER',							'PLAYER_HAS_LARGEST_INFLUENCE'			),
		('MODIFIER_CSE_TRADE_CHANCERY_GOLD_MOD_ETHIOPIA_LARGEST',	'MODIFIER_PLAYER_CITIES_ADJUST_BUILDING_YIELD_CHANGE',			NULL									),
		('MODIFIER_CSE_TRADE_CONSULATE_GOLD_ETHIOPIA_LARGEST',		'MODIFIER_ALL_PLAYERS_ATTACH_MODIFIER',							'PLAYER_HAS_LARGEST_INFLUENCE'			),
		('MODIFIER_CSE_TRADE_CONSULATE_GOLD_MOD_ETHIOPIA_LARGEST',	'MODIFIER_PLAYER_CITIES_ADJUST_BUILDING_YIELD_CHANGE',			NULL									),

		('MODIFIER_CSE_TRADE_CHANCERY_GOLD_ETHIOPIA',				'MODIFIER_ALL_PLAYERS_ATTACH_MODIFIER',							'PLAYER_HAS_LARGE_INFLUENCE'			),
		('MODIFIER_CSE_TRADE_CHANCERY_GOLD_MOD_ETHIOPIA',			'MODIFIER_PLAYER_CITIES_ADJUST_BUILDING_YIELD_CHANGE',			NULL									),
		('MODIFIER_CSE_TRADE_CONSULATE_GOLD_ETHIOPIA',				'MODIFIER_ALL_PLAYERS_ATTACH_MODIFIER',							'PLAYER_HAS_MEDIUM_INFLUENCE'			),
		('MODIFIER_CSE_TRADE_CONSULATE_GOLD_MOD_ETHIOPIA',			'MODIFIER_PLAYER_CITIES_ADJUST_BUILDING_YIELD_CHANGE',			NULL									);

-----------------------------------------------
-- ModifierArguments
-----------------------------------------------

INSERT INTO ModifierArguments
		(ModifierId,												Name,				Value														)
VALUES	('MODIFIER_CSE_TRADE_MARKET_GOLD_ETHIOPIA',					'ModifierId',		'MODIFIER_CSE_TRADE_MARKET_GOLD_MOD_ETHIOPIA'				),
		('MODIFIER_CSE_TRADE_MARKET_GOLD_MOD_ETHIOPIA',				'BuildingType',		'BUILDING_MARKET'											),
		('MODIFIER_CSE_TRADE_MARKET_GOLD_MOD_ETHIOPIA',				'YieldType',		'YIELD_GOLD'												),
		('MODIFIER_CSE_TRADE_MARKET_GOLD_MOD_ETHIOPIA',				'Amount',			2															),
		('MODIFIER_CSE_TRADE_MARKET_GOLD_MOD_ETHIOPIA',				'CityStatesOnly',	1															),
		('MODIFIER_CSE_TRADE_BANK_GOLD_ETHIOPIA',					'ModifierId',		'MODIFIER_CSE_TRADE_BANK_GOLD_MOD_ETHIOPIA'					),
		('MODIFIER_CSE_TRADE_BANK_GOLD_MOD_ETHIOPIA',				'BuildingType',		'BUILDING_BANK'												),
		('MODIFIER_CSE_TRADE_BANK_GOLD_MOD_ETHIOPIA',				'YieldType',		'YIELD_GOLD'												),
		('MODIFIER_CSE_TRADE_BANK_GOLD_MOD_ETHIOPIA',				'Amount',			2															),
		('MODIFIER_CSE_TRADE_BANK_GOLD_MOD_ETHIOPIA',				'CityStatesOnly',	1															),
		('MODIFIER_CSE_TRADE_STOCK_EXCHANGE_GOLD_ETHIOPIA',			'ModifierId',		'MODIFIER_CSE_TRADE_STOCK_EXCHANGE_GOLD_MOD_ETHIOPIA'		),
		('MODIFIER_CSE_TRADE_STOCK_EXCHANGE_GOLD_MOD_ETHIOPIA',		'YieldType',		'YIELD_GOLD'												),
		('MODIFIER_CSE_TRADE_STOCK_EXCHANGE_GOLD_MOD_ETHIOPIA',		'Amount',			2															),
		('MODIFIER_CSE_TRADE_STOCK_EXCHANGE_GOLD_MOD_ETHIOPIA',		'BuildingType',		'BUILDING_STOCK_EXCHANGE'									),
		('MODIFIER_CSE_TRADE_STOCK_EXCHANGE_GOLD_MOD_ETHIOPIA',		'CityStatesOnly',	1															),

		('MODIFIER_CSE_TRADE_LIGHTHOUSE_GOLD_ETHIOPIA',				'ModifierId',		'MODIFIER_CSE_TRADE_MARKET_GOLD_MOD_ETHIOPIA'				),
		('MODIFIER_CSE_TRADE_LIGHTHOUSE_GOLD_MOD_ETHIOPIA',			'BuildingType',		'BUILDING_LIGHTHOUSE'										),
		('MODIFIER_CSE_TRADE_LIGHTHOUSE_GOLD_MOD_ETHIOPIA',			'YieldType',		'YIELD_GOLD'												),
		('MODIFIER_CSE_TRADE_LIGHTHOUSE_GOLD_MOD_ETHIOPIA',			'Amount',			2															),
		('MODIFIER_CSE_TRADE_LIGHTHOUSE_GOLD_MOD_ETHIOPIA',			'CityStatesOnly',	1															),
		('MODIFIER_CSE_TRADE_SHIPYARD_GOLD_ETHIOPIA',				'ModifierId',		'MODIFIER_CSE_TRADE_BANK_GOLD_MOD_ETHIOPIA'					),
		('MODIFIER_CSE_TRADE_SHIPYARD_GOLD_MOD_ETHIOPIA',			'BuildingType',		'BUILDING_SHIPYARD'											),
		('MODIFIER_CSE_TRADE_SHIPYARD_GOLD_MOD_ETHIOPIA',			'YieldType',		'YIELD_GOLD'												),
		('MODIFIER_CSE_TRADE_SHIPYARD_GOLD_MOD_ETHIOPIA',			'Amount',			2															),
		('MODIFIER_CSE_TRADE_SHIPYARD_GOLD_MOD_ETHIOPIA',			'CityStatesOnly',	1															),
		('MODIFIER_CSE_TRADE_SEAPORT_GOLD_ETHIOPIA',				'ModifierId',		'MODIFIER_CSE_TRADE_STOCK_EXCHANGE_GOLD_MOD_ETHIOPIA'		),
		('MODIFIER_CSE_TRADE_SEAPORT_GOLD_MOD_ETHIOPIA',			'YieldType',		'YIELD_GOLD'												),
		('MODIFIER_CSE_TRADE_SEAPORT_GOLD_MOD_ETHIOPIA',			'Amount',			2															),
		('MODIFIER_CSE_TRADE_SEAPORT_GOLD_MOD_ETHIOPIA',			'BuildingType',		'BUILDING_SEAPORT'											),
		('MODIFIER_CSE_TRADE_SEAPORT_GOLD_MOD_ETHIOPIA',			'CityStatesOnly',	1															),

		('MODIFIER_CSE_TRADE_CHANCERY_GOLD_ETHIOPIA',				'ModifierId',		'MODIFIER_CSE_TRADE_CHANCERY_GOLD_MOD_ETHIOPIA'				),
		('MODIFIER_CSE_TRADE_CHANCERY_GOLD_MOD_ETHIOPIA',			'BuildingType',		'BUILDING_CHANCERY'											),
		('MODIFIER_CSE_TRADE_CHANCERY_GOLD_MOD_ETHIOPIA',			'YieldType',		'YIELD_GOLD'												),
		('MODIFIER_CSE_TRADE_CHANCERY_GOLD_MOD_ETHIOPIA',			'Amount',			6															),
		('MODIFIER_CSE_TRADE_CHANCERY_GOLD_MOD_ETHIOPIA',			'CityStatesOnly',	1															),
		('MODIFIER_CSE_TRADE_CONSULATE_GOLD_ETHIOPIA',				'ModifierId',		'MODIFIER_CSE_TRADE_CONSULATE_GOLD_MOD_ETHIOPIA'			),
		('MODIFIER_CSE_TRADE_CONSULATE_GOLD_MOD_ETHIOPIA',			'BuildingType',		'BUILDING_CONSULATE'										),
		('MODIFIER_CSE_TRADE_CONSULATE_GOLD_MOD_ETHIOPIA',			'YieldType',		'YIELD_GOLD'												),
		('MODIFIER_CSE_TRADE_CONSULATE_GOLD_MOD_ETHIOPIA',			'Amount',			4															),
		('MODIFIER_CSE_TRADE_CONSULATE_GOLD_MOD_ETHIOPIA',			'CityStatesOnly',	1															),

		('MODIFIER_CSE_TRADE_CHANCERY_GOLD_ETHIOPIA_LARGEST',		'ModifierId',		'MODIFIER_CSE_TRADE_CHANCERY_GOLD_MOD_ETHIOPIA_LARGEST'		),
		('MODIFIER_CSE_TRADE_CHANCERY_GOLD_MOD_ETHIOPIA_LARGEST',	'BuildingType',		'BUILDING_CHANCERY'											),
		('MODIFIER_CSE_TRADE_CHANCERY_GOLD_MOD_ETHIOPIA_LARGEST',	'YieldType',		'YIELD_GOLD'												),
		('MODIFIER_CSE_TRADE_CHANCERY_GOLD_MOD_ETHIOPIA_LARGEST',	'Amount',			2															),
		('MODIFIER_CSE_TRADE_CHANCERY_GOLD_MOD_ETHIOPIA_LARGEST',	'CityStatesOnly',	1															),
		('MODIFIER_CSE_TRADE_CONSULATE_GOLD_ETHIOPIA_LARGEST',		'ModifierId',		'MODIFIER_CSE_TRADE_CONSULATE_GOLD_MOD_ETHIOPIA_LARGEST'	),
		('MODIFIER_CSE_TRADE_CONSULATE_GOLD_MOD_ETHIOPIA_LARGEST',	'BuildingType',		'BUILDING_CONSULATE'										),
		('MODIFIER_CSE_TRADE_CONSULATE_GOLD_MOD_ETHIOPIA_LARGEST',	'YieldType',		'YIELD_GOLD'												),
		('MODIFIER_CSE_TRADE_CONSULATE_GOLD_MOD_ETHIOPIA_LARGEST',	'Amount',			2															),
		('MODIFIER_CSE_TRADE_CONSULATE_GOLD_MOD_ETHIOPIA_LARGEST',	'CityStatesOnly',	1															);

UPDATE	ModifierArguments
SET		Value = 2
WHERE	Name = 'Amount' AND ModifierId = 'MODIFIER_CSE_TRADE_CAPITAL_GOLD_MOD';

UPDATE	ModifierArguments
SET		Value = 2
WHERE	Name = 'Amount' AND ModifierId = 'MODIFIER_CSE_TRADE_MARKET_GOLD_MOD';

UPDATE	ModifierArguments
SET		Value = 6
WHERE	Name = 'Amount' AND ModifierId = 'MODIFIER_CSE_TRADE_STOCK_EXCHANGE_GOLD_MOD';

UPDATE	ModifierArguments
SET		Value = 2
WHERE	Name = 'Amount' AND ModifierId = 'MODIFIER_CSE_TRADE_LIGHTHOUSE_GOLD_MOD';

UPDATE	ModifierArguments
SET		Value = 6
WHERE	Name = 'Amount' AND ModifierId = 'MODIFIER_CSE_TRADE_SEAPORT_GOLD_MOD';