/*
	Maritime
	Authors: SeelingCat
*/

-----------------------------------------------
-- TraitModifiers
-----------------------------------------------

INSERT INTO TraitModifiers 
		(TraitType, 						ModifierId													)
VALUES	('MINOR_CIV_CSE_MARITIME_TRAIT',	'MODIFIER_CSE_MARITIME_SEAPORT_GOLD_ETHIOPIA'				),


		('MINOR_CIV_CSE_MARITIME_TRAIT',	'MODIFIER_CSE_MARITIME_LIGHTHOUSE_FOOD_ETHIOPIA'			),
		('MINOR_CIV_CSE_MARITIME_TRAIT',	'MODIFIER_CSE_MARITIME_SHIPYARD_FOOD_ETHIOPIA'				),
		('MINOR_CIV_CSE_MARITIME_TRAIT',	'MODIFIER_CSE_MARITIME_SEAPORT_FOOD_ETHIOPIA'				),

		('MINOR_CIV_CSE_MARITIME_TRAIT',	'MODIFIER_CSE_MARITIME_CHANCERY_FOOD_ETHIOPIA'				),
		('MINOR_CIV_CSE_MARITIME_TRAIT',	'MODIFIER_CSE_MARITIME_CONSULATE_FOOD_ETHIOPIA'				),
		
		('MINOR_CIV_CSE_MARITIME_TRAIT',	'MODIFIER_CSE_MARITIME_CHANCERY_FOOD_ETHIOPIA_LARGEST'		),
		('MINOR_CIV_CSE_MARITIME_TRAIT',	'MODIFIER_CSE_MARITIME_CONSULATE_FOOD_ETHIOPIA_LARGEST'		),


		('MINOR_CIV_CSE_MARITIME_TRAIT',	'MODIFIER_CSE_MARITIME_CHANCERY_GOLD_ETHIOPIA'				),

		('MINOR_CIV_CSE_MARITIME_TRAIT',	'MODIFIER_CSE_MARITIME_CHANCERY_PROD_ETHIOPIA'				),
		('MINOR_CIV_CSE_MARITIME_TRAIT',	'MODIFIER_CSE_MARITIME_CONSULATE_PROD_ETHIOPIA'				);

-----------------------------------------------
-- Modifiers
-----------------------------------------------

INSERT INTO Modifiers 
		(ModifierId,													ModifierType,													SubjectRequirementSetId					)
VALUES	('MODIFIER_CSE_MARITIME_SEAPORT_GOLD_ETHIOPIA',					'MODIFIER_ALL_PLAYERS_ATTACH_MODIFIER',							'PLAYER_HAS_LARGE_INFLUENCE'	),
		('MODIFIER_CSE_MARITIME_SEAPORT_GOLD_ETHIOPIA_MOD',				'MODIFIER_PLAYER_CITIES_ADJUST_BUILDING_YIELD_CHANGE',			NULL							),


		('MODIFIER_CSE_MARITIME_LIGHTHOUSE_FOOD_ETHIOPIA',				'MODIFIER_ALL_PLAYERS_ATTACH_MODIFIER',							'PLAYER_HAS_LARGEST_INFLUENCE'			),
		('MODIFIER_CSE_MARITIME_LIGHTHOUSE_FOOD_MOD_ETHIOPIA',			'MODIFIER_PLAYER_CITIES_ADJUST_BUILDING_YIELD_CHANGE',			NULL									),
		('MODIFIER_CSE_MARITIME_SHIPYARD_FOOD_ETHIOPIA',				'MODIFIER_ALL_PLAYERS_ATTACH_MODIFIER',							'PLAYER_HAS_LARGEST_INFLUENCE'			),
		('MODIFIER_CSE_MARITIME_SHIPYARD_FOOD_MOD_ETHIOPIA',			'MODIFIER_PLAYER_CITIES_ADJUST_BUILDING_YIELD_CHANGE',			NULL									),
		('MODIFIER_CSE_MARITIME_SEAPORT_FOOD_ETHIOPIA',					'MODIFIER_ALL_PLAYERS_ATTACH_MODIFIER',							'PLAYER_HAS_LARGEST_INFLUENCE'			),
		('MODIFIER_CSE_MARITIME_SEAPORT_FOOD_MOD_ETHIOPIA',				'MODIFIER_PLAYER_CITIES_ADJUST_BUILDING_YIELD_CHANGE',			NULL									),

		('MODIFIER_CSE_MARITIME_CHANCERY_FOOD_ETHIOPIA_LARGEST',		'MODIFIER_ALL_PLAYERS_ATTACH_MODIFIER',							'PLAYER_HAS_LARGEST_INFLUENCE'			),
		('MODIFIER_CSE_MARITIME_CHANCERY_FOOD_MOD_ETHIOPIA_LARGEST',	'MODIFIER_PLAYER_CITIES_ADJUST_BUILDING_YIELD_CHANGE',			NULL									),
		('MODIFIER_CSE_MARITIME_CONSULATE_FOOD_ETHIOPIA_LARGEST',		'MODIFIER_ALL_PLAYERS_ATTACH_MODIFIER',							'PLAYER_HAS_LARGEST_INFLUENCE'			),
		('MODIFIER_CSE_MARITIME_CONSULATE_FOOD_MOD_ETHIOPIA_LARGEST',	'MODIFIER_PLAYER_CITIES_ADJUST_BUILDING_YIELD_CHANGE',			NULL									),

		('MODIFIER_CSE_MARITIME_CHANCERY_FOOD_ETHIOPIA',				'MODIFIER_ALL_PLAYERS_ATTACH_MODIFIER',							'PLAYER_HAS_LARGE_INFLUENCE'			),
		('MODIFIER_CSE_MARITIME_CHANCERY_FOOD_MOD_ETHIOPIA',			'MODIFIER_PLAYER_CITIES_ADJUST_BUILDING_YIELD_CHANGE',			NULL									),
		('MODIFIER_CSE_MARITIME_CONSULATE_FOOD_ETHIOPIA',				'MODIFIER_ALL_PLAYERS_ATTACH_MODIFIER',							'PLAYER_HAS_MEDIUM_INFLUENCE'			),
		('MODIFIER_CSE_MARITIME_CONSULATE_FOOD_MOD_ETHIOPIA',			'MODIFIER_PLAYER_CITIES_ADJUST_BUILDING_YIELD_CHANGE',			NULL									),


		('MODIFIER_CSE_MARITIME_CHANCERY_GOLD_ETHIOPIA',				'MODIFIER_ALL_PLAYERS_ATTACH_MODIFIER',							'PLAYER_HAS_LARGE_INFLUENCE'			),
		('MODIFIER_CSE_MARITIME_CHANCERY_GOLD_MOD_ETHIOPIA',			'MODIFIER_PLAYER_CITIES_ADJUST_BUILDING_YIELD_CHANGE',			NULL									),
	
		('MODIFIER_CSE_MARITIME_CHANCERY_PROD_ETHIOPIA',				'MODIFIER_ALL_PLAYERS_ATTACH_MODIFIER',							'PLAYER_HAS_LARGE_INFLUENCE'			),
		('MODIFIER_CSE_MARITIME_CHANCERY_PROD_MOD_ETHIOPIA',			'MODIFIER_PLAYER_CITIES_ADJUST_BUILDING_YIELD_CHANGE',			NULL									),
		('MODIFIER_CSE_MARITIME_CONSULATE_PROD_ETHIOPIA',				'MODIFIER_ALL_PLAYERS_ATTACH_MODIFIER',							'PLAYER_HAS_MEDIUM_INFLUENCE'			),
		('MODIFIER_CSE_MARITIME_CONSULATE_PROD_MOD_ETHIOPIA',			'MODIFIER_PLAYER_CITIES_ADJUST_BUILDING_YIELD_CHANGE',			NULL									);

-----------------------------------------------
-- ModifierArguments
-----------------------------------------------

INSERT INTO ModifierArguments
		(ModifierId,														Name,				Value													)
VALUES	('MODIFIER_CSE_MARITIME_SEAPORT_GOLD_ETHIOPIA',						'ModifierId',		'MODIFIER_CSE_MARITIME_SEAPORT_GOLD_ETHIOPIA_MOD'		),
		('MODIFIER_CSE_MARITIME_SEAPORT_GOLD_ETHIOPIA_MOD',					'YieldType',		'YIELD_GOLD'											),
		('MODIFIER_CSE_MARITIME_SEAPORT_GOLD_ETHIOPIA_MOD',					'Amount',			2														),
		('MODIFIER_CSE_MARITIME_SEAPORT_GOLD_ETHIOPIA_MOD',					'BuildingType',		'BUILDING_SEAPORT'										),
		('MODIFIER_CSE_MARITIME_SEAPORT_GOLD_ETHIOPIA_MOD',					'CityStatesOnly',	1														),


		('MODIFIER_CSE_MARITIME_LIGHTHOUSE_FOOD_ETHIOPIA',					'ModifierId',		'MODIFIER_CSE_MARITIME_LIGHTHOUSE_FOOD_MOD_ETHIOPIA'	),
		('MODIFIER_CSE_MARITIME_LIGHTHOUSE_FOOD_MOD_ETHIOPIA',				'BuildingType',		'BUILDING_LIGHTHOUSE'									),
		('MODIFIER_CSE_MARITIME_LIGHTHOUSE_FOOD_MOD_ETHIOPIA',				'YieldType',		'YIELD_FOOD'											),
		('MODIFIER_CSE_MARITIME_LIGHTHOUSE_FOOD_MOD_ETHIOPIA',				'Amount',			1														),
		('MODIFIER_CSE_MARITIME_LIGHTHOUSE_FOOD_MOD_ETHIOPIA',				'CityStatesOnly',	1														),
		('MODIFIER_CSE_MARITIME_SHIPYARD_FOOD_ETHIOPIA',					'ModifierId',		'MODIFIER_CSE_MARITIME_SHIPYARD_FOOD_MOD_ETHIOPIA'		),
		('MODIFIER_CSE_MARITIME_SHIPYARD_FOOD_MOD_ETHIOPIA',				'BuildingType',		'BUILDING_SHIPYARD'										),
		('MODIFIER_CSE_MARITIME_SHIPYARD_FOOD_MOD_ETHIOPIA',				'YieldType',		'YIELD_FOOD'											),
		('MODIFIER_CSE_MARITIME_SHIPYARD_FOOD_MOD_ETHIOPIA',				'Amount',			1														),
		('MODIFIER_CSE_MARITIME_SHIPYARD_FOOD_MOD_ETHIOPIA',				'CityStatesOnly',	1														),
		('MODIFIER_CSE_MARITIME_SEAPORT_FOOD_ETHIOPIA',						'ModifierId',		'MODIFIER_CSE_MARITIME_SEAPORT_FOOD_MOD_ETHIOPIA'		),
		('MODIFIER_CSE_MARITIME_SEAPORT_FOOD_MOD_ETHIOPIA',					'YieldType',		'YIELD_FOOD'											),
		('MODIFIER_CSE_MARITIME_SEAPORT_FOOD_MOD_ETHIOPIA',					'Amount',			1														),
		('MODIFIER_CSE_MARITIME_SEAPORT_FOOD_MOD_ETHIOPIA',					'BuildingType',		'BUILDING_SEAPORT'										),
		('MODIFIER_CSE_MARITIME_SEAPORT_FOOD_MOD_ETHIOPIA',					'CityStatesOnly',	1														),

		('MODIFIER_CSE_MARITIME_CHANCERY_FOOD_ETHIOPIA',					'ModifierId',		'MODIFIER_CSE_MARITIME_CHANCERY_FOOD_MOD_ETHIOPIA'		),
		('MODIFIER_CSE_MARITIME_CHANCERY_FOOD_MOD_ETHIOPIA',				'BuildingType',		'BUILDING_CHANCERY'										),
		('MODIFIER_CSE_MARITIME_CHANCERY_FOOD_MOD_ETHIOPIA',				'YieldType',		'YIELD_FOOD'											),
		('MODIFIER_CSE_MARITIME_CHANCERY_FOOD_MOD_ETHIOPIA',				'Amount',			3														),
		('MODIFIER_CSE_MARITIME_CHANCERY_FOOD_MOD_ETHIOPIA',				'CityStatesOnly',	1														),
		('MODIFIER_CSE_MARITIME_CONSULATE_FOOD_ETHIOPIA',					'ModifierId',		'MODIFIER_CSE_MARITIME_CONSULATE_FOOD_MOD_ETHIOPIA'		),
		('MODIFIER_CSE_MARITIME_CONSULATE_FOOD_MOD_ETHIOPIA',				'BuildingType',		'BUILDING_CONSULATE'									),
		('MODIFIER_CSE_MARITIME_CONSULATE_FOOD_MOD_ETHIOPIA',				'YieldType',		'YIELD_FOOD'											),
		('MODIFIER_CSE_MARITIME_CONSULATE_FOOD_MOD_ETHIOPIA',				'Amount',			2														),
		('MODIFIER_CSE_MARITIME_CONSULATE_FOOD_MOD_ETHIOPIA',				'CityStatesOnly',	1														),

		('MODIFIER_CSE_MARITIME_CHANCERY_FOOD_ETHIOPIA_LARGEST',			'ModifierId',		'MODIFIER_CSE_MARITIME_CHANCERY_FOOD_MOD_ETHIOPIA_LARGEST'	),
		('MODIFIER_CSE_MARITIME_CHANCERY_FOOD_MOD_ETHIOPIA_LARGEST',		'BuildingType',		'BUILDING_CHANCERY'										),
		('MODIFIER_CSE_MARITIME_CHANCERY_FOOD_MOD_ETHIOPIA_LARGEST',		'YieldType',		'YIELD_FOOD'											),
		('MODIFIER_CSE_MARITIME_CHANCERY_FOOD_MOD_ETHIOPIA_LARGEST',		'Amount',			1														),
		('MODIFIER_CSE_MARITIME_CHANCERY_FOOD_MOD_ETHIOPIA_LARGEST',		'CityStatesOnly',	1														),
		('MODIFIER_CSE_MARITIME_CONSULATE_FOOD_ETHIOPIA_LARGEST',			'ModifierId',		'MODIFIER_CSE_MARITIME_CONSULATE_FOOD_MOD_ETHIOPIA_LARGEST'	),
		('MODIFIER_CSE_MARITIME_CONSULATE_FOOD_MOD_ETHIOPIA_LARGEST',		'BuildingType',		'BUILDING_CONSULATE'									),
		('MODIFIER_CSE_MARITIME_CONSULATE_FOOD_MOD_ETHIOPIA_LARGEST',		'YieldType',		'YIELD_FOOD'											),
		('MODIFIER_CSE_MARITIME_CONSULATE_FOOD_MOD_ETHIOPIA_LARGEST',		'Amount',			1														),
		('MODIFIER_CSE_MARITIME_CONSULATE_FOOD_MOD_ETHIOPIA_LARGEST',		'CityStatesOnly',	1														),

		('MODIFIER_CSE_MARITIME_CHANCERY_GOLD_ETHIOPIA',					'ModifierId',		'MODIFIER_CSE_MARITIME_CHANCERY_GOLD_MOD_ETHIOPIA'		),
		('MODIFIER_CSE_MARITIME_CHANCERY_GOLD_MOD_ETHIOPIA',				'BuildingType',		'BUILDING_CHANCERY'										),
		('MODIFIER_CSE_MARITIME_CHANCERY_GOLD_MOD_ETHIOPIA',				'YieldType',		'YIELD_GOLD'											),
		('MODIFIER_CSE_MARITIME_CHANCERY_GOLD_MOD_ETHIOPIA',				'Amount',			2														),
		('MODIFIER_CSE_MARITIME_CHANCERY_GOLD_MOD_ETHIOPIA',				'CityStatesOnly',	1														),

		('MODIFIER_CSE_MARITIME_CHANCERY_PROD_ETHIOPIA',					'ModifierId',		'MODIFIER_CSE_MARITIME_CHANCERY_PROD_MOD_ETHIOPIA'		),
		('MODIFIER_CSE_MARITIME_CHANCERY_PROD_MOD_ETHIOPIA',				'BuildingType',		'BUILDING_CHANCERY'										),
		('MODIFIER_CSE_MARITIME_CHANCERY_PROD_MOD_ETHIOPIA',				'YieldType',		'YIELD_PRODUCTION'										),
		('MODIFIER_CSE_MARITIME_CHANCERY_PROD_MOD_ETHIOPIA',				'Amount',			1														),
		('MODIFIER_CSE_MARITIME_CHANCERY_PROD_MOD_ETHIOPIA',				'CityStatesOnly',	1														),
		('MODIFIER_CSE_MARITIME_CONSULATE_PROD_ETHIOPIA',					'ModifierId',		'MODIFIER_CSE_MARITIME_CONSULATE_PROD_MOD_ETHIOPIA'		),
		('MODIFIER_CSE_MARITIME_CONSULATE_PROD_MOD_ETHIOPIA',				'BuildingType',		'BUILDING_CONSULATE'									),
		('MODIFIER_CSE_MARITIME_CONSULATE_PROD_MOD_ETHIOPIA',				'YieldType',		'YIELD_PRODUCTION'										),
		('MODIFIER_CSE_MARITIME_CONSULATE_PROD_MOD_ETHIOPIA',				'Amount',			1														),
		('MODIFIER_CSE_MARITIME_CONSULATE_PROD_MOD_ETHIOPIA',				'CityStatesOnly',	1														);


-- Remove Production from Capital and Lighthouse bonuses
DELETE FROM TraitModifiers
WHERE TraitType = 'MINOR_CIV_CSE_MARITIME_TRAIT'
AND ModifierId = 'MODIFIER_CSE_MARITIME_CAPITAL_PRODUCTION';

DELETE FROM TraitModifiers
WHERE TraitType = 'MINOR_CIV_CSE_MARITIME_TRAIT'
AND ModifierId = 'MODIFIER_CSE_MARITIME_LIGHTHOUSE_PRODUCTION';