/*
	Entertainment
	Authors: SeelingCat
*/

-----------------------------------------------
-- TraitModifiers
-----------------------------------------------

INSERT INTO TraitModifiers 
		(TraitType, 							ModifierId												)
VALUES	('MINOR_CIV_CSE_ENTERTAINMENT_TRAIT',	'MODIFIER_CSE_ENTERTAINMENT_ARENA_AMENITY_ETHIOPIA'		),
		('MINOR_CIV_CSE_ENTERTAINMENT_TRAIT',	'MODIFIER_CSE_ENTERTAINMENT_ZOO_AMENITY_ETHIOPIA'			),
		('MINOR_CIV_CSE_ENTERTAINMENT_TRAIT',	'MODIFIER_CSE_ENTERTAINMENT_STADIUM_AMENITY_ETHIOPIA'		),

		('MINOR_CIV_CSE_ENTERTAINMENT_TRAIT',	'MODIFIER_CSE_ENTERTAINMENT_CHANCERY_AMENITY_ETHIOPIA'		),
		('MINOR_CIV_CSE_ENTERTAINMENT_TRAIT',	'MODIFIER_CSE_ENTERTAINMENT_CONSULATE_AMENITY_ETHIOPIA'		),

		('MINOR_CIV_CSE_ENTERTAINMENT_TRAIT',	'MODIFIER_CSE_ENTERTAINMENT_CHANCERY_AMENITY_ETHIOPIA_LARGEST'		),
		('MINOR_CIV_CSE_ENTERTAINMENT_TRAIT',	'MODIFIER_CSE_ENTERTAINMENT_CONSULATE_AMENITY_ETHIOPIA_LARGEST'		);

-----------------------------------------------
-- Modifiers
-----------------------------------------------

INSERT INTO Modifiers 
		(ModifierId,															ModifierType,													SubjectRequirementSetId					)
VALUES	('MODIFIER_CSE_ENTERTAINMENT_ARENA_AMENITY_ETHIOPIA',					'MODIFIER_ALL_PLAYERS_ATTACH_MODIFIER',							'PLAYER_HAS_LARGEST_INFLUENCE'			),
		('MODIFIER_CSE_ENTERTAINMENT_ARENA_AMENITY_MOD_ETHIOPIA',				'MODTYPE_CSE_ENTERTAINMENT_AMENITY',							'REQSET_CSE_CITY_HAS_ARENA'									),
		('MODIFIER_CSE_ENTERTAINMENT_ZOO_AMENITY_ETHIOPIA',						'MODIFIER_ALL_PLAYERS_ATTACH_MODIFIER',							'PLAYER_HAS_LARGEST_INFLUENCE'			),
		('MODIFIER_CSE_ENTERTAINMENT_ZOO_AMENITY_MOD_ETHIOPIA',					'MODTYPE_CSE_ENTERTAINMENT_AMENITY',							'REQSET_CSE_CITY_HAS_ZOO'									),
		('MODIFIER_CSE_ENTERTAINMENT_STADIUM_AMENITY_ETHIOPIA',					'MODIFIER_ALL_PLAYERS_ATTACH_MODIFIER',							'PLAYER_HAS_LARGEST_INFLUENCE'			),
		('MODIFIER_CSE_ENTERTAINMENT_STADIUM_AMENITY_MOD_ETHIOPIA',				'MODTYPE_CSE_ENTERTAINMENT_AMENITY',							'REQSET_CSE_CITY_HAS_STADIUM'	),

		('MODIFIER_CSE_ENTERTAINMENT_CHANCERY_AMENITY_ETHIOPIA_LARGEST',		'MODIFIER_ALL_PLAYERS_ATTACH_MODIFIER',							'PLAYER_HAS_LARGEST_INFLUENCE'			),
		('MODIFIER_CSE_ENTERTAINMENT_CHANCERY_AMENITY_MOD_ETHIOPIA_LARGEST',	'MODTYPE_CSE_ENTERTAINMENT_AMENITY',							'REQSET_CSE_CITY_HAS_CHANCERY'									),
		('MODIFIER_CSE_ENTERTAINMENT_CONSULATE_AMENITY_ETHIOPIA_LARGEST',		'MODIFIER_ALL_PLAYERS_ATTACH_MODIFIER',							'PLAYER_HAS_LARGEST_INFLUENCE'			),
		('MODIFIER_CSE_ENTERTAINMENT_CONSULATE_AMENITY_MOD_ETHIOPIA_LARGEST',	'MODTYPE_CSE_ENTERTAINMENT_AMENITY',							'REQSET_CSE_CITY_HAS_CONSULATE'									),

		('MODIFIER_CSE_ENTERTAINMENT_CHANCERY_AMENITY_ETHIOPIA',				'MODIFIER_ALL_PLAYERS_ATTACH_MODIFIER',							'PLAYER_HAS_LARGE_INFLUENCE'			),
		('MODIFIER_CSE_ENTERTAINMENT_CHANCERY_AMENITY_MOD_ETHIOPIA',			'MODTYPE_CSE_ENTERTAINMENT_AMENITY',							'REQSET_CSE_CITY_HAS_CHANCERY'									),
		('MODIFIER_CSE_ENTERTAINMENT_CONSULATE_AMENITY_ETHIOPIA',				'MODIFIER_ALL_PLAYERS_ATTACH_MODIFIER',							'PLAYER_HAS_MEDIUM_INFLUENCE'			),
		('MODIFIER_CSE_ENTERTAINMENT_CONSULATE_AMENITY_MOD_ETHIOPIA',			'MODTYPE_CSE_ENTERTAINMENT_AMENITY',							'REQSET_CSE_CITY_HAS_CONSULATE'									);

-----------------------------------------------
-- ModifierArguments
-----------------------------------------------

INSERT INTO ModifierArguments
		(ModifierId,														Name,				Value														)
VALUES	('MODIFIER_CSE_ENTERTAINMENT_ARENA_AMENITY_ETHIOPIA',				'ModifierId',		'MODIFIER_CSE_ENTERTAINMENT_ARENA_AMENITY_MOD_ETHIOPIA'		),
		('MODIFIER_CSE_ENTERTAINMENT_ARENA_AMENITY_MOD_ETHIOPIA',			'Amount',			1															),
		('MODIFIER_CSE_ENTERTAINMENT_ZOO_AMENITY_ETHIOPIA',					'ModifierId',		'MODIFIER_CSE_ENTERTAINMENT_ZOO_AMENITY_MOD_ETHIOPIA'		),
		('MODIFIER_CSE_ENTERTAINMENT_ZOO_AMENITY_MOD_ETHIOPIA',				'Amount',			1															),
		('MODIFIER_CSE_ENTERTAINMENT_STADIUM_AMENITY_ETHIOPIA',				'ModifierId',		'MODIFIER_CSE_ENTERTAINMENT_STADIUM_AMENITY_MOD_ETHIOPIA'	),
		('MODIFIER_CSE_ENTERTAINMENT_STADIUM_AMENITY_MOD_ETHIOPIA',			'Amount',			1															),

		('MODIFIER_CSE_ENTERTAINMENT_CHANCERY_AMENITY_ETHIOPIA',			'ModifierId',		'MODIFIER_CSE_ENTERTAINMENT_CHANCERY_AMENITY_MOD_ETHIOPIA'	),
		('MODIFIER_CSE_ENTERTAINMENT_CHANCERY_AMENITY_MOD_ETHIOPIA',		'Amount',			1															),
		('MODIFIER_CSE_ENTERTAINMENT_CONSULATE_AMENITY_ETHIOPIA',			'ModifierId',		'MODIFIER_CSE_ENTERTAINMENT_CONSULATE_AMENITY_MOD_ETHIOPIA'	),
		('MODIFIER_CSE_ENTERTAINMENT_CONSULATE_AMENITY_MOD_ETHIOPIA',		'Amount',			1															),

		('MODIFIER_CSE_ENTERTAINMENT_CHANCERY_AMENITY_ETHIOPIA_LARGEST',		'ModifierId',	'MODIFIER_CSE_ENTERTAINMENT_CHANCERY_AMENITY_MOD_ETHIOPIA_LARGEST'	),
		('MODIFIER_CSE_ENTERTAINMENT_CHANCERY_AMENITY_MOD_ETHIOPIA_LARGEST',	'Amount',		1															),
		('MODIFIER_CSE_ENTERTAINMENT_CONSULATE_AMENITY_ETHIOPIA_LARGEST',		'ModifierId',	'MODIFIER_CSE_ENTERTAINMENT_CONSULATE_AMENITY_MOD_ETHIOPIA_LARGEST'	),
		('MODIFIER_CSE_ENTERTAINMENT_CONSULATE_AMENITY_MOD_ETHIOPIA_LARGEST',	'Amount',		1															);