/*
	Religious
	Authors: SeelingCat
*/

-----------------------------------------------
-- TraitModifiers
-----------------------------------------------

INSERT INTO TraitModifiers 
		(TraitType, 					ModifierId														)
VALUES	('MINOR_CIV_RELIGIOUS_TRAIT',	'MODIFIER_CSE_RELIGIOUS_SHRINE_FAITH_ETHIOPIA'					),
		('MINOR_CIV_RELIGIOUS_TRAIT',	'MODIFIER_CSE_RELIGIOUS_TEMPLE_FAITH_ETHIOPIA'					),

		('MINOR_CIV_RELIGIOUS_TRAIT',	'MODIFIER_CSE_RELIGIOUS_CHANCERY_FAITH_ETHIOPIA'				),
		('MINOR_CIV_RELIGIOUS_TRAIT',	'MODIFIER_CSE_RELIGIOUS_CONSULATE_FAITH_ETHIOPIA'				),
		
		('MINOR_CIV_RELIGIOUS_TRAIT',	'MODIFIER_CSE_RELIGIOUS_CHANCERY_FAITH_ETHIOPIA_LARGEST'		),
		('MINOR_CIV_RELIGIOUS_TRAIT',	'MODIFIER_CSE_RELIGIOUS_CONSULATE_FAITH_ETHIOPIA_LARGEST'		);

INSERT INTO TraitModifiers 
		(TraitType, 					ModifierId														)
SELECT	'MINOR_CIV_RELIGIOUS_TRAIT',	'MODIFIER_CSE_RELIGIOUS_' || BuildingType || '_FAITH_ETHIOPIA'
FROM	Buildings
WHERE	(EnabledByReligion=1 AND PrereqDistrict='DISTRICT_HOLY_SITE') OR BuildingType='BUILDING_TEMPLE_AMUN';

-----------------------------------------------
-- Modifiers
-----------------------------------------------

INSERT INTO Modifiers 
		(ModifierId,													ModifierType,													SubjectRequirementSetId					)
VALUES	('MODIFIER_CSE_RELIGIOUS_SHRINE_FAITH_ETHIOPIA',				'MODIFIER_ALL_PLAYERS_ATTACH_MODIFIER',							'PLAYER_HAS_LARGEST_INFLUENCE'			),
		('MODIFIER_CSE_RELIGIOUS_SHRINE_FAITH_MOD_ETHIOPIA',			'MODIFIER_PLAYER_CITIES_ADJUST_BUILDING_YIELD_CHANGE',			NULL									),
		('MODIFIER_CSE_RELIGIOUS_TEMPLE_FAITH_ETHIOPIA',				'MODIFIER_ALL_PLAYERS_ATTACH_MODIFIER',							'PLAYER_HAS_LARGEST_INFLUENCE'			),
		('MODIFIER_CSE_RELIGIOUS_TEMPLE_FAITH_MOD_ETHIOPIA',			'MODIFIER_PLAYER_CITIES_ADJUST_BUILDING_YIELD_CHANGE',			NULL									),
		
		('MODIFIER_CSE_RELIGIOUS_CHANCERY_FAITH_ETHIOPIA_LARGEST',		'MODIFIER_ALL_PLAYERS_ATTACH_MODIFIER',							'PLAYER_HAS_LARGEST_INFLUENCE'			),
		('MODIFIER_CSE_RELIGIOUS_CHANCERY_FAITH_MOD_ETHIOPIA_LARGEST',	'MODIFIER_PLAYER_CITIES_ADJUST_BUILDING_YIELD_CHANGE',			NULL									),
		('MODIFIER_CSE_RELIGIOUS_CONSULATE_FAITH_ETHIOPIA_LARGEST',		'MODIFIER_ALL_PLAYERS_ATTACH_MODIFIER',							'PLAYER_HAS_LARGEST_INFLUENCE'			),
		('MODIFIER_CSE_RELIGIOUS_CONSULATE_FAITH_MOD_ETHIOPIA_LARGEST',	'MODIFIER_PLAYER_CITIES_ADJUST_BUILDING_YIELD_CHANGE',			NULL									),

		('MODIFIER_CSE_RELIGIOUS_CHANCERY_FAITH_ETHIOPIA',				'MODIFIER_ALL_PLAYERS_ATTACH_MODIFIER',							'PLAYER_HAS_LARGE_INFLUENCE'			),
		('MODIFIER_CSE_RELIGIOUS_CHANCERY_FAITH_MOD_ETHIOPIA',			'MODIFIER_PLAYER_CITIES_ADJUST_BUILDING_YIELD_CHANGE',			NULL									),
		('MODIFIER_CSE_RELIGIOUS_CONSULATE_FAITH_ETHIOPIA',				'MODIFIER_ALL_PLAYERS_ATTACH_MODIFIER',							'PLAYER_HAS_MEDIUM_INFLUENCE'			),
		('MODIFIER_CSE_RELIGIOUS_CONSULATE_FAITH_MOD_ETHIOPIA',			'MODIFIER_PLAYER_CITIES_ADJUST_BUILDING_YIELD_CHANGE',			NULL									);

INSERT INTO Modifiers 
		(ModifierId,														ModifierType,												SubjectRequirementSetId			)		
SELECT	'MODIFIER_CSE_RELIGIOUS_' || BuildingType || '_FAITH_ETHIOPIA',		'MODIFIER_ALL_PLAYERS_ATTACH_MODIFIER',						'PLAYER_HAS_LARGEST_INFLUENCE'
FROM	Buildings
WHERE	(EnabledByReligion=1 AND PrereqDistrict='DISTRICT_HOLY_SITE') OR BuildingType='BUILDING_TEMPLE_AMUN';

INSERT INTO Modifiers 
		(ModifierId,														ModifierType)	
SELECT	'MODIFIER_CSE_RELIGIOUS_' || BuildingType || '_FAITH_MOD_ETHIOPIA',	'MODIFIER_PLAYER_CITIES_ADJUST_BUILDING_YIELD_CHANGE'
FROM	Buildings
WHERE	(EnabledByReligion=1 AND PrereqDistrict='DISTRICT_HOLY_SITE') OR BuildingType='BUILDING_TEMPLE_AMUN';

-----------------------------------------------
-- ModifierArguments
-----------------------------------------------

INSERT INTO ModifierArguments
		(ModifierId,													Name,				Value													)
VALUES	('MODIFIER_CSE_RELIGIOUS_SHRINE_FAITH_ETHIOPIA',				'ModifierId',		'MODIFIER_CSE_RELIGIOUS_SHRINE_FAITH_MOD_ETHIOPIA'		),
		('MODIFIER_CSE_RELIGIOUS_SHRINE_FAITH_MOD_ETHIOPIA',			'BuildingType',		'BUILDING_SHRINE'										),
		('MODIFIER_CSE_RELIGIOUS_SHRINE_FAITH_MOD_ETHIOPIA',			'YieldType',		'YIELD_FAITH'											),
		('MODIFIER_CSE_RELIGIOUS_SHRINE_FAITH_MOD_ETHIOPIA',			'Amount',			1														),
		('MODIFIER_CSE_RELIGIOUS_SHRINE_FAITH_MOD_ETHIOPIA',			'CityStatesOnly',	1														),
		('MODIFIER_CSE_RELIGIOUS_TEMPLE_FAITH_ETHIOPIA',				'ModifierId',		'MODIFIER_CSE_RELIGIOUS_TEMPLE_FAITH_MOD_ETHIOPIA'		),
		('MODIFIER_CSE_RELIGIOUS_TEMPLE_FAITH_MOD_ETHIOPIA',			'BuildingType',		'BUILDING_TEMPLE'										),
		('MODIFIER_CSE_RELIGIOUS_TEMPLE_FAITH_MOD_ETHIOPIA',			'YieldType',		'YIELD_FAITH'											),
		('MODIFIER_CSE_RELIGIOUS_TEMPLE_FAITH_MOD_ETHIOPIA',			'Amount',			1														),
		('MODIFIER_CSE_RELIGIOUS_TEMPLE_FAITH_MOD_ETHIOPIA',			'CityStatesOnly',	1														),

		('MODIFIER_CSE_RELIGIOUS_CHANCERY_FAITH_ETHIOPIA',				'ModifierId',		'MODIFIER_CSE_RELIGIOUS_CHANCERY_FAITH_MOD_ETHIOPIA'	),
		('MODIFIER_CSE_RELIGIOUS_CHANCERY_FAITH_MOD_ETHIOPIA',			'BuildingType',		'BUILDING_CHANCERY'										),
		('MODIFIER_CSE_RELIGIOUS_CHANCERY_FAITH_MOD_ETHIOPIA',			'YieldType',		'YIELD_FAITH'											),
		('MODIFIER_CSE_RELIGIOUS_CHANCERY_FAITH_MOD_ETHIOPIA',			'Amount',			3														),
		('MODIFIER_CSE_RELIGIOUS_CHANCERY_FAITH_MOD_ETHIOPIA',			'CityStatesOnly',	1														),
		('MODIFIER_CSE_RELIGIOUS_CONSULATE_FAITH_ETHIOPIA',				'ModifierId',		'MODIFIER_CSE_RELIGIOUS_CONSULATE_FAITH_MOD_ETHIOPIA'	),
		('MODIFIER_CSE_RELIGIOUS_CONSULATE_FAITH_MOD_ETHIOPIA',			'BuildingType',		'BUILDING_CONSULATE'									),
		('MODIFIER_CSE_RELIGIOUS_CONSULATE_FAITH_MOD_ETHIOPIA',			'YieldType',		'YIELD_FAITH'											),
		('MODIFIER_CSE_RELIGIOUS_CONSULATE_FAITH_MOD_ETHIOPIA',			'Amount',			2														),
		('MODIFIER_CSE_RELIGIOUS_CONSULATE_FAITH_MOD_ETHIOPIA',			'CityStatesOnly',	1														),

		('MODIFIER_CSE_RELIGIOUS_CHANCERY_FAITH_ETHIOPIA_LARGEST',		'ModifierId',		'MODIFIER_CSE_RELIGIOUS_CHANCERY_FAITH_MOD_ETHIOPIA_LARGEST'	),
		('MODIFIER_CSE_RELIGIOUS_CHANCERY_FAITH_MOD_ETHIOPIA_LARGEST',	'BuildingType',		'BUILDING_CHANCERY'										),
		('MODIFIER_CSE_RELIGIOUS_CHANCERY_FAITH_MOD_ETHIOPIA_LARGEST',	'YieldType',		'YIELD_FAITH'											),
		('MODIFIER_CSE_RELIGIOUS_CHANCERY_FAITH_MOD_ETHIOPIA_LARGEST',	'Amount',			1														),
		('MODIFIER_CSE_RELIGIOUS_CHANCERY_FAITH_MOD_ETHIOPIA_LARGEST',	'CityStatesOnly',	1														),
		('MODIFIER_CSE_RELIGIOUS_CONSULATE_FAITH_ETHIOPIA_LARGEST',		'ModifierId',		'MODIFIER_CSE_RELIGIOUS_CONSULATE_FAITH_MOD_ETHIOPIA_LARGEST'	),
		('MODIFIER_CSE_RELIGIOUS_CONSULATE_FAITH_MOD_ETHIOPIA_LARGEST',	'BuildingType',		'BUILDING_CONSULATE'									),
		('MODIFIER_CSE_RELIGIOUS_CONSULATE_FAITH_MOD_ETHIOPIA_LARGEST',	'YieldType',		'YIELD_FAITH'											),
		('MODIFIER_CSE_RELIGIOUS_CONSULATE_FAITH_MOD_ETHIOPIA_LARGEST',	'Amount',			1														),
		('MODIFIER_CSE_RELIGIOUS_CONSULATE_FAITH_MOD_ETHIOPIA_LARGEST',	'CityStatesOnly',	1														);

INSERT INTO ModifierArguments
		(ModifierId,														Name,				Value												)
SELECT	'MODIFIER_CSE_RELIGIOUS_' || BuildingType || '_FAITH_ETHIOPIA',		'ModifierId',		'MODIFIER_CSE_RELIGIOUS_' || BuildingType || '_FAITH_MOD_ETHIOPIA'
FROM	Buildings
WHERE	(EnabledByReligion=1 AND PrereqDistrict='DISTRICT_HOLY_SITE') OR BuildingType='BUILDING_TEMPLE_AMUN';

INSERT INTO ModifierArguments
		(ModifierId,														Name,				Value												)
SELECT	'MODIFIER_CSE_RELIGIOUS_' || BuildingType || '_FAITH_MOD_ETHIOPIA',	'BuildingType',		BuildingType
FROM	Buildings
WHERE	(EnabledByReligion=1 AND PrereqDistrict='DISTRICT_HOLY_SITE') OR BuildingType='BUILDING_TEMPLE_AMUN';

INSERT INTO ModifierArguments
		(ModifierId,														Name,				Value												)
SELECT	'MODIFIER_CSE_RELIGIOUS_' || BuildingType || '_FAITH_MOD_ETHIOPIA',	'YieldType',		'YIELD_FAITH'
FROM	Buildings
WHERE	(EnabledByReligion=1 AND PrereqDistrict='DISTRICT_HOLY_SITE') OR BuildingType='BUILDING_TEMPLE_AMUN';

INSERT INTO ModifierArguments
		(ModifierId,														Name,				Value												)
SELECT	'MODIFIER_CSE_RELIGIOUS_' || BuildingType || '_FAITH_MOD_ETHIOPIA',	'Amount',			1
FROM	Buildings
WHERE	(EnabledByReligion=1 AND PrereqDistrict='DISTRICT_HOLY_SITE') OR BuildingType='BUILDING_TEMPLE_AMUN';

INSERT INTO ModifierArguments
		(ModifierId,														Name,				Value												)
SELECT	'MODIFIER_CSE_RELIGIOUS_' || BuildingType || '_FAITH_MOD_ETHIOPIA',	'CityStatesOnly',	1
FROM	Buildings
WHERE	(EnabledByReligion=1 AND PrereqDistrict='DISTRICT_HOLY_SITE') OR BuildingType='BUILDING_TEMPLE_AMUN';

--------------------------------------------------------

UPDATE	ModifierArguments
SET		Value = 1
WHERE	Name = 'Amount' AND ModifierId = 'MODIFIER_CSE_RELIGIOUS_CAPITAL_FAITH_MOD';

UPDATE	ModifierArguments
SET		Value = 1
WHERE	Name = 'Amount' AND ModifierId = 'MODIFIER_CSE_RELIGIOUS_SHRINE_FAITH_MOD';

REPLACE INTO ModifierArguments
		(ModifierId,												Name,				Value										)
SELECT	'MODIFIER_CSE_RELIGIOUS_' || BuildingType || '_FAITH_MOD',	'Amount',			3
FROM	Buildings
WHERE	EnabledByReligion=1 AND PrereqDistrict='DISTRICT_HOLY_SITE';	

UPDATE	ModifierArguments
SET		Value = 3
WHERE	Name = 'Amount' AND ModifierId = 'MODIFIER_CSE_RELIGIOUS_BUILDING_TEMPLE_AMUN_FAITH_MOD';