/*
	Type
	Authors: SeelingCat
*/

-----------------------------------------------
-- TraitModifiers
-----------------------------------------------

INSERT INTO TraitModifiers 
		(TraitType, 						ModifierId														)
VALUES	('MINOR_CIV_CSE_CONSULAR_TRAIT',	'MODIFIER_CSE_CONSULAR_CHANCERY_LOYALTY_ETHIOPIA'				),
		('MINOR_CIV_CSE_CONSULAR_TRAIT',	'MODIFIER_CSE_CONSULAR_CONSULATE_LOYALTY_ETHIOPIA'				),
		
		('MINOR_CIV_CSE_CONSULAR_TRAIT',	'MODIFIER_CSE_CONSULAR_CHANCERY_LOYALTY_ETHIOPIA_LARGEST'		),
		('MINOR_CIV_CSE_CONSULAR_TRAIT',	'MODIFIER_CSE_CONSULAR_CONSULATE_LOYALTY_ETHIOPIA_LARGEST'		);

-----------------------------------------------
-- Modifiers
-----------------------------------------------

INSERT INTO Modifiers 
		(ModifierId,														ModifierType,													SubjectRequirementSetId					)
VALUES	('MODIFIER_CSE_CONSULAR_CHANCERY_LOYALTY_ETHIOPIA_LARGEST',			'MODIFIER_ALL_PLAYERS_ATTACH_MODIFIER',							'PLAYER_HAS_LARGEST_INFLUENCE'			),
		('MODIFIER_CSE_CONSULAR_CHANCERY_LOYALTY_MOD_ETHIOPIA_LARGEST',		'MODTYPE_CSE_CONSULAR_CITY_PRESSURE',							'REQSET_CSE_CITY_HAS_CHANCERY'									),
		('MODIFIER_CSE_CONSULAR_CONSULATE_LOYALTY_ETHIOPIA_LARGEST',		'MODIFIER_ALL_PLAYERS_ATTACH_MODIFIER',							'PLAYER_HAS_LARGEST_INFLUENCE'			),
		('MODIFIER_CSE_CONSULAR_CONSULATE_LOYALTY_MOD_ETHIOPIA_LARGEST',	'MODTYPE_CSE_CONSULAR_CITY_PRESSURE',							'REQSET_CSE_CITY_HAS_CONSULATE'									),

		('MODIFIER_CSE_CONSULAR_CHANCERY_LOYALTY_ETHIOPIA',					'MODIFIER_ALL_PLAYERS_ATTACH_MODIFIER',							'PLAYER_HAS_LARGE_INFLUENCE'			),
		('MODIFIER_CSE_CONSULAR_CHANCERY_LOYALTY_MOD_ETHIOPIA',				'MODTYPE_CSE_CONSULAR_CITY_PRESSURE',							'REQSET_CSE_CITY_HAS_CHANCERY'									),
		('MODIFIER_CSE_CONSULAR_CONSULATE_LOYALTY_ETHIOPIA',				'MODIFIER_ALL_PLAYERS_ATTACH_MODIFIER',							'PLAYER_HAS_MEDIUM_INFLUENCE'			),
		('MODIFIER_CSE_CONSULAR_CONSULATE_LOYALTY_MOD_ETHIOPIA',			'MODTYPE_CSE_CONSULAR_LOYALTY',									'REQSET_CSE_CITY_HAS_CONSULATE'									);

-----------------------------------------------
-- ModifierArguments
-----------------------------------------------

INSERT INTO ModifierArguments
		(ModifierId,														Name,				Value															)
VALUES	('MODIFIER_CSE_CONSULAR_CHANCERY_LOYALTY_ETHIOPIA',					'ModifierId',		'MODIFIER_CSE_CONSULAR_CHANCERY_LOYALTY_MOD_ETHIOPIA'			),
		('MODIFIER_CSE_CONSULAR_CHANCERY_LOYALTY_MOD_ETHIOPIA',				'Amount',			2																),
		('MODIFIER_CSE_CONSULAR_CONSULATE_LOYALTY_ETHIOPIA',				'ModifierId',		'MODIFIER_CSE_CONSULAR_CONSULATE_LOYALTY_MOD_ETHIOPIA'			),
		('MODIFIER_CSE_CONSULAR_CONSULATE_LOYALTY_MOD_ETHIOPIA',			'Amount',			2																),

		('MODIFIER_CSE_CONSULAR_CHANCERY_LOYALTY_ETHIOPIA_LARGEST',			'ModifierId',		'MODIFIER_CSE_CONSULAR_CHANCERY_LOYALTY_MOD_ETHIOPIA_LARGEST'	),
		('MODIFIER_CSE_CONSULAR_CHANCERY_LOYALTY_MOD_ETHIOPIA_LARGEST',		'Amount',			2																),
		('MODIFIER_CSE_CONSULAR_CONSULATE_LOYALTY_ETHIOPIA_LARGEST',		'ModifierId',		'MODIFIER_CSE_CONSULAR_CONSULATE_LOYALTY_MOD_ETHIOPIA_LARGEST'	),
		('MODIFIER_CSE_CONSULAR_CONSULATE_LOYALTY_MOD_ETHIOPIA_LARGEST',	'Amount',			2																);