/*
	Agricultural
	Authors: SeelingCat
*/

-----------------------------------------------
-- TraitModifiers
-----------------------------------------------

DELETE FROM TraitModifiers
WHERE ModifierId IN ('MODIFIER_CSE_AGRICULTURAL_AQUEDUCT_FOOD_ETHIOPIA');

INSERT INTO TraitModifiers 
		(TraitType, 							ModifierId										)
VALUES	('MINOR_CIV_CSE_AGRICULTURAL_TRAIT',	'MODIFIER_CSE_AGRICULTURAL_FOOD_MARKET_FOOD_ETHIOPIA'	),
		('MINOR_CIV_CSE_AGRICULTURAL_TRAIT',	'MODIFIER_CSE_AGRICULTURAL_SHOPPING_MALL_FOOD_ETHIOPIA'	);

-----------------------------------------------
-- Modifiers
-----------------------------------------------

INSERT INTO Modifiers 
		(ModifierId,													ModifierType,											SubjectRequirementSetId			)
VALUES	('MODIFIER_CSE_AGRICULTURAL_FOOD_MARKET_FOOD_ETHIOPIA',			'MODIFIER_ALL_PLAYERS_ATTACH_MODIFIER',					'PLAYER_HAS_LARGEST_INFLUENCE'	),
		('MODIFIER_CSE_AGRICULTURAL_FOOD_MARKET_FOOD_MOD_ETHIOPIA',		'MODIFIER_PLAYER_CITIES_ADJUST_BUILDING_YIELD_CHANGE',	NULL							),
		('MODIFIER_CSE_AGRICULTURAL_SHOPPING_MALL_FOOD_ETHIOPIA',		'MODIFIER_ALL_PLAYERS_ATTACH_MODIFIER',					'PLAYER_HAS_LARGEST_INFLUENCE'	),
		('MODIFIER_CSE_AGRICULTURAL_SHOPPING_MALL_FOOD_MOD_ETHIOPIA',	'MODIFIER_PLAYER_CITIES_ADJUST_BUILDING_YIELD_CHANGE',	NULL							);

-----------------------------------------------
-- ModifierArguments
-----------------------------------------------

INSERT INTO ModifierArguments
		(ModifierId,													Name,				Value												)
VALUES	('MODIFIER_CSE_AGRICULTURAL_FOOD_MARKET_FOOD_ETHIOPIA',			'ModifierId',		'MODIFIER_CSE_AGRICULTURAL_FOOD_MARKET_FOOD_MOD_ETHIOPIA'	),
		('MODIFIER_CSE_AGRICULTURAL_FOOD_MARKET_FOOD_MOD_ETHIOPIA',		'BuildingType',		'BUILDING_FOOD_MARKET'								),
		('MODIFIER_CSE_AGRICULTURAL_FOOD_MARKET_FOOD_MOD_ETHIOPIA',		'YieldType',		'YIELD_FOOD'										),
		('MODIFIER_CSE_AGRICULTURAL_FOOD_MARKET_FOOD_MOD_ETHIOPIA',		'Amount',			1													),
		('MODIFIER_CSE_AGRICULTURAL_FOOD_MARKET_FOOD_MOD_ETHIOPIA',		'CityStatesOnly',	1													),
		('MODIFIER_CSE_AGRICULTURAL_SHOPPING_MALL_FOOD_ETHIOPIA',		'ModifierId',		'MODIFIER_CSE_AGRICULTURAL_SHOPPING_MALL_FOOD_MOD_ETHIOPIA'	),
		('MODIFIER_CSE_AGRICULTURAL_SHOPPING_MALL_FOOD_MOD_ETHIOPIA',	'BuildingType',		'BUILDING_SHOPPING_MALL'							),
		('MODIFIER_CSE_AGRICULTURAL_SHOPPING_MALL_FOOD_MOD_ETHIOPIA',	'YieldType',		'YIELD_FOOD'										),
		('MODIFIER_CSE_AGRICULTURAL_SHOPPING_MALL_FOOD_MOD_ETHIOPIA',	'Amount',			1													),
		('MODIFIER_CSE_AGRICULTURAL_SHOPPING_MALL_FOOD_MOD_ETHIOPIA',	'CityStatesOnly',	1													);